filename,category_id,category_name
01.mp4,1,科技伦理
02.mp4,1,科技伦理
03.mp4,1,科技伦理
04.mp4,1,科技伦理
05.mp4,1,科技伦理
10.mp4,2,科研诚信
11.mp4,2,科研诚信
12.mp4,2,科研诚信
13.mp4,2,科研诚信
14.mp4,2,科研诚信
15.mp4,2,科研诚信
16.mp4,2,科研诚信
17.mp4,2,科研诚信
18.mp4,2,科研诚信
19.mp4,2,科研诚信
110.mp4,2,科研诚信
111.mp4,2,科研诚信
112.mp4,2,科研诚信
113.mp4,2,科研诚信
114.mp4,2,科研诚信
115.mp4,2,科研诚信
116.mp4,2,科研诚信
117.mp4,2,科研诚信
118.mp4,2,科研诚信
119.mp4,2,科研诚信
120.mp4,2,科研诚信
121.mp4,2,科研诚信
122.mp4,2,科研诚信
123.mp4,2,科研诚信
124.mp4,2,科研诚信
125.mp4,2,科研诚信
126.mp4,2,科研诚信
127.mp4,2,科研诚信
128.mp4,2,科研诚信
129.mp4,2,科研诚信
130.mp4,2,科研诚信
131.mp4,2,科研诚信
132.mp4,2,科研诚信
133.mp4,2,科研诚信
134.mp4,2,科研诚信
135.mp4,2,科研诚信
136.mp4,2,科研诚信
137.mp4,2,科研诚信
40.mp4,5,学术规范
41.mp4,5,学术规范
42.mp4,5,学术规范
43.mp4,5,学术规范
44.mp4,5,学术规范
45.mp4,5,学术规范
46.mp4,5,学术规范
47.mp4,5,学术规范
48.mp4,5,学术规范
49.mp4,5,学术规范
410.mp4,5,学术规范
411.mp4,5,学术规范
412.mp4,5,学术规范
413.mp4,5,学术规范
414.mp4,5,学术规范
415.mp4,5,学术规范
416.mp4,5,学术规范
417.mp4,5,学术规范
418.mp4,5,学术规范
419.mp4,5,学术规范
420.mp4,5,学术规范
421.mp4,5,学术规范
422.mp4,5,学术规范
423.mp4,5,学术规范
424.mp4,5,学术规范
425.mp4,5,学术规范
426.mp4,5,学术规范
427.mp4,5,学术规范
428.mp4,5,学术规范
429.mp4,5,学术规范
430.mp4,5,学术规范
431.mp4,5,学术规范
432.mp4,5,学术规范
433.mp4,5,学术规范
434.mp4,5,学术规范
435.mp4,5,学术规范
436.mp4,5,学术规范
437.mp4,5,学术规范
438.mp4,5,学术规范